<?xml version="1.0" encoding="UTF-8" standalone="yes"?>
<addon id="plugin.video.fusion"
       name="[COLOR red]fusion[/COLOR]"
       version="1.0.0"
       provider-name="XKILER">
  <requires>
    <import addon="xbmc.python" version="2.1.0"/>
    <import addon="script.module.beautifulsoup" version="3.2.1"/>
    <import addon="script.module.simple.downloader" version="0.9.4"/>
    <import addon="script.module.beautifulsoup4" />
    <import addon="script.module.requests" />
    <import addon="script.module.httplib2" />
    <import addon="script.module.youtube.dl" optional="true"/>
    <import addon="plugin.video.youtube" optional="true" />
    <import addon="script.module.urlresolver" optional="true"/>
    <import addon="script.module.simplejson" />    
     <import addon="script.module.livestreamer" optional="true"/>
  </requires>
  <extension point="xbmc.python.pluginsource" library="default.py">
    <provides>video</provides>
  </extension>
  <extension point="xbmc.addon.metadata">
    <summary>fusion- shamelessly forked from livestreams but added many thinks</summary>
    <description>
[COLOR lime]BY XKILER [COLOR gold]FUSION[COLOR silver][COLOR gold](DISEÑADO,ORGANIZADO,REVISADO,)
        [COLOR lime]TODO ESTE CONTENIDO ES FREE TODO EL CONTENIDO ES BASE DE ESTUDIO DE PLUGIN.
		Y ESCRITURA XML PARA ,KODI,XBMC ,[COLOR silver]TODAS LAS CADENAS DE ESTAS LISTAS FUNCIONAN 
		[COLOR gold]Y AN SIDO TODAS VERIFICADAS Y ORGANIZADAS POR MI EN ORDEN ALFABETICO
		[COLOR lime]QUE NO TE LO VENDAN.GRACIAS A TODOS Y DISFRUTAR. 
		- FUSION- ESTA DISEÑADO EN ORDEN ALFABETICO Y HAY CONTENIDO DE TODOS LOS IDIOMAS[/COLOR]
        
    </description>
    <platform>all</platform>
  </extension>
</addon>
