<?xml version="1.0" encoding="UTF-8" standalone="yes"?>
<addon id="plugin.video.tuga4everwizard" name="[COLOR red]Team-tuga4ever [COLOR blue]Wizard[/COLOR]" version="1.0" provider-name="CasMart">
  <requires>
    <import addon="xbmc.python" version="2.1.0"/>
  </requires>
  <extension point="xbmc.python.pluginsource" library="default.py">
        <provides>program executable</provides>
  </extension>
  <extension point="xbmc.addon.metadata">
    <summary lang="en">Team-Tuga4ever Wizard</summary>
    <description lang="en">WIZARD By CasMart</description>
	<website>https://www.facebook.com/groups/1735809796639007/</website>
    <platform>all</platform>
  </extension>
</addon>
