<?xml version="1.0" encoding="UTF-8" standalone="yes"?>
<addon id="plugin.fusion.activador" name="[COLOR gold]fusion  Activador [/COLOR]" version="1.1.0" provider-name="[COLOR red]XKILER[/COLOR]">
  <requires>
    <import addon="xbmc.python" version="2.1.1"/>
	<import addon="script.module.beautifulsoup" version="3.2.1"/>
  <import addon="script.module.simplejson" />
  </requires>
  <extension point="xbmc.python.pluginsource" library="default.py">
        <provides>video</provides>
  </extension>
  <extension point="xbmc.addon.metadata">
    <summary>Activador para fusion  Activador[COLOR gold]fusion  Activador  [/COLOR]</summary>
    <description>Activador fusion  Activador foro.http://playiptv.website/- Creado por [COLOR red]XKILER[/COLOR]  </description>
    <platform>all</platform>
  </extension>
</addon>
