<?xml version="1.0" encoding="UTF-8" standalone="yes"?>
<addon id="script.tvguide.tvdasogra" name="TV Guide for tvdasogra" version="0.0.1" provider-name="twinther">
    <requires>
        <import addon="xbmc.python" version="2.1.0"/>
        <import addon="script.module.simplejson" version="2.0.10"/>
        <!-- <import addon="script.module.buggalo" version="1.1.2"/> -->
    </requires>
    <extension point="xbmc.python.script" library="addon.py"/>
    <extension point="xbmc.service" library="service.py" start="login" />
    <extension point="xbmc.addon.metadata">
        <summary lang="en">Fork of TV Guide for tvdasgora addon</summary>
        <description lang="en">Fork of TV Guide for tvdasgora addon</description>
        <platform>all</platform>
        <license>GPLv2</license>
        <forum>http://forum.xbmc.org/showthread.php?tid=120377</forum>
        <website>http://tommy.winther.nu</website>
        <email>tommy@winther.nu</email>
        <source>https://github.com/twinther/script.tvguide</source>
    </extension>
</addon>
