<?xml version="1.0" encoding="UTF-8"?>
<addon id="repository.tvdasogra"
  version="1.0.0"
  name="TVdaSogra repository"
  provider-name="TVdaSogra">
  <extension point="xbmc.addon.repository"
    name="repository with tvdasogra addons">
    <info compressed="false">http://tralhas.xyz/kodisogra/addons.xml</info>
    <checksum> http://tralhas.xyz/kodisogra/addons.xml.md5</checksum>
    <datadir zip="true"> http://tralhas.xyz/kodisogra/repo/</datadir>
  </extension>
  <extension point="xbmc.addon.metadata">
    <summary>TVdaSogra repository</summary>
    <description>
    </description>
    <platform>all</platform>
  </extension>
</addon>
