<?xml version="1.0" encoding="UTF-8" standalone="yes"?>
<addon id="plugin.video.tuga4evermanutencao" version="1.0"
	name="[COLOR red]Team-Tuga4ever [COLOR blue]Manutenção[/COLOR]" provider-name="Team-Tuga4ever">
  <requires>
    <import addon="xbmc.python" version="2.1.0"/>
    <import addon="plugin.video.youtube" />
    <import addon="script.module.addon.common" />
    <import addon="script.module.metahandler" />
  </requires>
  <extension point="xbmc.python.pluginsource" library="default.py">
        <provides>executable</provides>
  </extension>
  <extension point="xbmc.addon.metadata">
    <summary lang="en">Team-Tuga4ever Maintenance Tool</summary>
    <description lang="en">Maintenance Tool is your one stop tool for all fixes and information.</description>
    <platform>all</platform>
  </extension>
</addon>
