<?xml version="1.0" encoding="UTF-8" standalone="yes"?>
<addon id="repository.sem-one" name="sem one austria Repo" version="1.0.0" provider-name="Streimelweger">
	<extension point="xbmc.addon.repository" name="sem one austria Repo">
		<info compressed="false">http://repo-kodi.sem-one.de/svn/trunk/addons.xml</info>
		<checksum>http://repo-kodi.sem-one.de/svn/trunk/addons.xml.md5</checksum>
		<datadir zip="true">http://repo-kodi.sem-one.de/svn/zip</datadir>
	</extension>
	<extension point="xbmc.addon.metadata">
		<summary>Latest versions of my add-ons</summary>
		<description>Latest versions of my add-ons</description>
		<disclaimer></disclaimer>
		<platform>all</platform>
	</extension>
</addon>